Title,URL
Contract Detention Facility Solicitation,https://sam.gov/opp/5cf4af3e829a465b83efaa9942a765a3/view
Citizenship Instruction and Naturalization Services,https://apply07.grants.gov/apply/opportunities/instructions/PKG00282105-instructions.pdf
Community and Regional Integration Network (CARING),https://apply07.grants.gov/apply/opportunities/instructions/PKG00282106-instructions.pdf
FY 2019 Citizenship and Assimilation Grant Program,https://apply07.grants.gov/apply/opportunities/instructions/PKG00253350-instructions.pdf
Residential Services for Unaccompanied Children,https://apply07.grants.gov/apply/opportunities/instructions/PKG00274050-instructions.pdf
Contract Detention Facility Solicitation Copy 6,https://sam.gov/opp/5cf4af3e829a465b83efaa9942a765a3/view
Citizenship Instruction and Naturalization Services Copy 7,https://apply07.grants.gov/apply/opportunities/instructions/PKG00282105-instructions.pdf
Community and Regional Integration Network (CARING) Copy 8,https://apply07.grants.gov/apply/opportunities/instructions/PKG00282106-instructions.pdf
FY 2019 Citizenship and Assimilation Grant Program Copy 9,https://apply07.grants.gov/apply/opportunities/instructions/PKG00253350-instructions.pdf
Residential Services for Unaccompanied Children Copy 10,https://apply07.grants.gov/apply/opportunities/instructions/PKG00274050-instructions.pdf
Contract Detention Facility Solicitation Copy 11,https://sam.gov/opp/5cf4af3e829a465b83efaa9942a765a3/view
Citizenship Instruction and Naturalization Services Copy 12,https://apply07.grants.gov/apply/opportunities/instructions/PKG00282105-instructions.pdf
Community and Regional Integration Network (CARING) Copy 13,https://apply07.grants.gov/apply/opportunities/instructions/PKG00282106-instructions.pdf
FY 2019 Citizenship and Assimilation Grant Program Copy 14,https://apply07.grants.gov/apply/opportunities/instructions/PKG00253350-instructions.pdf
Residential Services for Unaccompanied Children Copy 15,https://apply07.grants.gov/apply/opportunities/instructions/PKG00274050-instructions.pdf
Contract Detention Facility Solicitation Copy 6 Copy 16,https://sam.gov/opp/5cf4af3e829a465b83efaa9942a765a3/view
Citizenship Instruction and Naturalization Services Copy 7 Copy 17,https://apply07.grants.gov/apply/opportunities/instructions/PKG00282105-instructions.pdf
Community and Regional Integration Network (CARING) Copy 8 Copy 18,https://apply07.grants.gov/apply/opportunities/instructions/PKG00282106-instructions.pdf
FY 2019 Citizenship and Assimilation Grant Program Copy 9 Copy 19,https://apply07.grants.gov/apply/opportunities/instructions/PKG00253350-instructions.pdf
Residential Services for Unaccompanied Children Copy 10 Copy 20,https://apply07.grants.gov/apply/opportunities/instructions/PKG00274050-instructions.pdf
Contract Detention Facility Solicitation Copy 21,https://sam.gov/opp/5cf4af3e829a465b83efaa9942a765a3/view
Citizenship Instruction and Naturalization Services Copy 22,https://apply07.grants.gov/apply/opportunities/instructions/PKG00282105-instructions.pdf
Community and Regional Integration Network (CARING) Copy 23,https://apply07.grants.gov/apply/opportunities/instructions/PKG00282106-instructions.pdf
FY 2019 Citizenship and Assimilation Grant Program Copy 24,https://apply07.grants.gov/apply/opportunities/instructions/PKG00253350-instructions.pdf
Residential Services for Unaccompanied Children Copy 25,https://apply07.grants.gov/apply/opportunities/instructions/PKG00274050-instructions.pdf
Contract Detention Facility Solicitation Copy 6 Copy 26,https://sam.gov/opp/5cf4af3e829a465b83efaa9942a765a3/view
Citizenship Instruction and Naturalization Services Copy 7 Copy 27,https://apply07.grants.gov/apply/opportunities/instructions/PKG00282105-instructions.pdf
Community and Regional Integration Network (CARING) Copy 8 Copy 28,https://apply07.grants.gov/apply/opportunities/instructions/PKG00282106-instructions.pdf
FY 2019 Citizenship and Assimilation Grant Program Copy 9 Copy 29,https://apply07.grants.gov/apply/opportunities/instructions/PKG00253350-instructions.pdf
Residential Services for Unaccompanied Children Copy 10 Copy 30,https://apply07.grants.gov/apply/opportunities/instructions/PKG00274050-instructions.pdf
Contract Detention Facility Solicitation Copy 11 Copy 31,https://sam.gov/opp/5cf4af3e829a465b83efaa9942a765a3/view
Citizenship Instruction and Naturalization Services Copy 12 Copy 32,https://apply07.grants.gov/apply/opportunities/instructions/PKG00282105-instructions.pdf
Community and Regional Integration Network (CARING) Copy 13 Copy 33,https://apply07.grants.gov/apply/opportunities/instructions/PKG00282106-instructions.pdf
FY 2019 Citizenship and Assimilation Grant Program Copy 14 Copy 34,https://apply07.grants.gov/apply/opportunities/instructions/PKG00253350-instructions.pdf
Residential Services for Unaccompanied Children Copy 15 Copy 35,https://apply07.grants.gov/apply/opportunities/instructions/PKG00274050-instructions.pdf
Contract Detention Facility Solicitation Copy 6 Copy 16 Copy 36,https://sam.gov/opp/5cf4af3e829a465b83efaa9942a765a3/view
Citizenship Instruction and Naturalization Services Copy 7 Copy 17 Copy 37,https://apply07.grants.gov/apply/opportunities/instructions/PKG00282105-instructions.pdf
Community and Regional Integration Network (CARING) Copy 8 Copy 18 Copy 38,https://apply07.grants.gov/apply/opportunities/instructions/PKG00282106-instructions.pdf
FY 2019 Citizenship and Assimilation Grant Program Copy 9 Copy 19 Copy 39,https://apply07.grants.gov/apply/opportunities/instructions/PKG00253350-instructions.pdf
Residential Services for Unaccompanied Children Copy 10 Copy 20 Copy 40,https://apply07.grants.gov/apply/opportunities/instructions/PKG00274050-instructions.pdf
Contract Detention Facility Solicitation Copy 41,https://sam.gov/opp/5cf4af3e829a465b83efaa9942a765a3/view
Citizenship Instruction and Naturalization Services Copy 42,https://apply07.grants.gov/apply/opportunities/instructions/PKG00282105-instructions.pdf
Community and Regional Integration Network (CARING) Copy 43,https://apply07.grants.gov/apply/opportunities/instructions/PKG00282106-instructions.pdf
FY 2019 Citizenship and Assimilation Grant Program Copy 44,https://apply07.grants.gov/apply/opportunities/instructions/PKG00253350-instructions.pdf
Residential Services for Unaccompanied Children Copy 45,https://apply07.grants.gov/apply/opportunities/instructions/PKG00274050-instructions.pdf
Contract Detention Facility Solicitation Copy 6 Copy 46,https://sam.gov/opp/5cf4af3e829a465b83efaa9942a765a3/view
Citizenship Instruction and Naturalization Services Copy 7 Copy 47,https://apply07.grants.gov/apply/opportunities/instructions/PKG00282105-instructions.pdf
Community and Regional Integration Network (CARING) Copy 8 Copy 48,https://apply07.grants.gov/apply/opportunities/instructions/PKG00282106-instructions.pdf
FY 2019 Citizenship and Assimilation Grant Program Copy 9 Copy 49,https://apply07.grants.gov/apply/opportunities/instructions/PKG00253350-instructions.pdf
Residential Services for Unaccompanied Children Copy 10 Copy 50,https://apply07.grants.gov/apply/opportunities/instructions/PKG00274050-instructions.pdf
